Date,Open,High,Low,Close,Adj_Close,Volume
"Mar 15, 2023",3876.74,3894.26,3838.24,3891.93,3891.93,6594010000
"Mar 14, 2023",3894.01,3937.29,3873.63,3919.29,3919.29,5665870000
"Mar 13, 2023",3835.12,3905.05,3808.86,3855.76,3855.76,6558020000
"Mar 10, 2023",3912.77,3934.05,3846.32,3861.59,3861.59,5518190000
"Mar 09, 2023",3998.66,4017.81,3908.7,3918.32,3918.32,4445260000
"Mar 08, 2023",3987.55,4000.41,3969.76,3992.01,3992.01,3535570000
"Mar 07, 2023",4048.26,4050,3980.31,3986.37,3986.37,3922500000
"Mar 06, 2023",4055.15,4078.49,4044.61,4048.42,4048.42,4000870000
"Mar 03, 2023",3998.02,4048.29,3995.17,4045.64,4045.64,4084730000
"Mar 02, 2023",3938.68,3990.84,3928.16,3981.35,3981.35,4244900000
"Mar 01, 2023",3963.34,3971.73,3939.05,3951.39,3951.39,4249480000
"Feb 28, 2023",3977.19,3997.5,3968.98,3970.15,3970.15,5043400000
"Feb 27, 2023",3992.36,4018.05,3973.55,3982.24,3982.24,3836950000
"Feb 24, 2023",3973.24,3978.25,3943.08,3970.04,3970.04,3877700000
"Feb 23, 2023",4018.6,4028.3,3969.19,4012.32,4012.32,3952940000
"Feb 22, 2023",4001.83,4017.37,3976.9,3991.05,3991.05,4079320000
"Feb 21, 2023",4052.35,4052.35,3995.19,3997.34,3997.34,4121590000
"Feb 17, 2023",4077.39,4081.51,4047.95,4079.09,4079.09,4045480000
"Feb 16, 2023",4114.75,4136.54,4089.49,4090.41,4090.41,4143660000
"Feb 15, 2023",4119.5,4148.11,4103.98,4147.6,4147.6,4075980000
"Feb 14, 2023",4126.7,4159.77,4095.01,4136.13,4136.13,3929200000
"Feb 13, 2023",4096.62,4138.9,4092.67,4137.29,4137.29,3448620000
"Feb 10, 2023",4068.92,4094.36,4060.79,4090.46,4090.46,3891520000
"Feb 09, 2023",4144.25,4156.23,4069.67,4081.5,4081.5,4270200000
"Feb 08, 2023",4153.47,4156.85,4111.67,4117.86,4117.86,4029820000
"Feb 07, 2023",4105.35,4176.54,4088.39,4164,4164,4355860000
"Feb 06, 2023",4119.57,4124.63,4093.38,4111.08,4111.08,4114240000
"Feb 03, 2023",4136.69,4182.36,4123.36,4136.48,4136.48,4694510000
"Feb 02, 2023",4158.68,4195.44,4141.88,4179.76,4179.76,5624360000
"Feb 01, 2023",4070.07,4148.95,4037.2,4119.21,4119.21,4856930000
"Jan 31, 2023",4020.85,4077.16,4020.44,4076.6,4076.6,4679320000
"Jan 30, 2023",4049.27,4063.85,4015.55,4017.77,4017.77,3802000000
"Jan 27, 2023",4053.72,4094.21,4048.7,4070.56,4070.56,3907760000
"Jan 26, 2023",4036.08,4061.57,4013.29,4060.43,4060.43,3809590000
"Jan 25, 2023",3982.71,4019.55,3949.06,4016.22,4016.22,3724020000
"Jan 24, 2023",4001.74,4023.92,3989.79,4016.95,4016.95,3320430000
"Jan 23, 2023",3978.14,4039.31,3971.64,4019.81,4019.81,3945210000
"Jan 20, 2023",3909.04,3972.96,3897.86,3972.61,3972.61,4013360000
"Jan 19, 2023",3911.84,3922.94,3885.54,3898.85,3898.85,3991500000
"Jan 18, 2023",4002.25,4014.16,3926.59,3928.86,3928.86,4298710000
"Jan 17, 2023",3999.28,4015.39,3984.57,3990.97,3990.97,4235560000
"Jan 13, 2023",3960.6,4003.95,3947.67,3999.09,3999.09,3939700000
"Jan 12, 2023",3977.57,3997.76,3937.56,3983.17,3983.17,4440260000
"Jan 11, 2023",3932.35,3970.07,3928.54,3969.61,3969.61,4303360000
"Jan 10, 2023",3888.57,3919.83,3877.29,3919.25,3919.25,3851030000
"Jan 09, 2023",3910.82,3950.57,3890.42,3892.09,3892.09,4311770000
"Jan 06, 2023",3823.37,3906.19,3809.56,3895.08,3895.08,3923560000
"Jan 05, 2023",3839.74,3839.74,3802.42,3808.1,3808.1,3893450000
"Jan 04, 2023",3840.36,3873.16,3815.77,3852.97,3852.97,4414080000
"Jan 03, 2023",3853.29,3878.46,3794.33,3824.14,3824.14,3959140000
"Dec 30, 2022",3829.06,3839.85,3800.34,3839.5,3839.5,2979870000
"Dec 29, 2022",3805.45,3858.19,3805.45,3849.28,3849.28,3003680000
"Dec 28, 2022",3829.56,3848.32,3780.78,3783.22,3783.22,3083520000
"Dec 27, 2022",3843.34,3846.65,3813.22,3829.25,3829.25,3030300000
"Dec 23, 2022",3815.11,3845.8,3797.01,3844.82,3844.82,2819280000
"Dec 22, 2022",3853.26,3853.26,3764.49,3822.39,3822.39,3956950000
"Dec 21, 2022",3839.49,3889.82,3839.49,3878.44,3878.44,3775200000
"Dec 20, 2022",3810.47,3838.24,3795.62,3821.62,3821.62,3985370000
"Dec 19, 2022",3853.79,3854.86,3800.04,3817.66,3817.66,3969610000
"Dec 16, 2022",3890.91,3890.91,3827.91,3852.36,3852.36,7493660000
"Dec 15, 2022",3958.37,3958.37,3879.45,3895.75,3895.75,4493900000
"Dec 14, 2022",4015.54,4053.76,3965.65,3995.32,3995.32,4472340000
"Dec 13, 2022",4069.38,4100.96,3993.03,4019.65,4019.65,5079360000
"Dec 12, 2022",3939.29,3990.71,3935.3,3990.56,3990.56,3904130000
"Dec 09, 2022",3954.17,3977.02,3933.04,3934.38,3934.38,3888260000
"Dec 08, 2022",3947.79,3974.19,3935.83,3963.51,3963.51,4006900000
"Dec 07, 2022",3933.28,3957.57,3922.68,3933.92,3933.92,4118050000
"Dec 06, 2022",3996.63,4001.51,3918.39,3941.26,3941.26,4368380000
"Dec 05, 2022",4052.02,4052.45,3984.49,3998.84,3998.84,4280820000
"Dec 02, 2022",4040.17,4080.48,4026.63,4071.7,4071.7,4012620000
"Dec 01, 2022",4087.14,4100.51,4050.87,4076.57,4076.57,4527130000
"Nov 30, 2022",3957.18,4080.11,3938.58,4080.11,4080.11,6579360000
"Nov 29, 2022",3964.19,3976.77,3937.65,3957.63,3957.63,3546040000
"Nov 28, 2022",4005.36,4012.27,3955.77,3963.94,3963.94,3615430000
"Nov 25, 2022",4023.34,4034.02,4020.76,4026.12,4026.12,1706460000
"Nov 23, 2022",4000.3,4033.78,3998.66,4027.26,4027.26,3279720000
"Nov 22, 2022",3965.51,4005.88,3956.88,4003.58,4003.58,3887990000
"Nov 21, 2022",3956.23,3962,3933.34,3949.94,3949.94,3850690000
"Nov 18, 2022",3966.39,3979.89,3935.98,3965.34,3965.34,4037360000
"Nov 17, 2022",3919.26,3954.33,3906.54,3946.56,3946.56,4051780000
"Nov 16, 2022",3976.82,3983.09,3954.34,3958.79,3958.79,4165320000
"Nov 15, 2022",4006.41,4028.84,3953.17,3991.73,3991.73,5015310000
"Nov 14, 2022",3977.97,4008.97,3956.4,3957.25,3957.25,4561930000
"Nov 11, 2022",3963.72,4001.48,3944.82,3992.93,3992.93,5593310000
"Nov 10, 2022",3859.89,3958.33,3859.89,3956.37,3956.37,5781260000
"Nov 09, 2022",3810.94,3818.2,3744.22,3748.57,3748.57,4645010000
"Nov 08, 2022",3817.02,3859.4,3786.28,3828.11,3828.11,4607640000
"Nov 07, 2022",3780.71,3813.95,3764.7,3806.8,3806.8,4341620000
"Nov 04, 2022",3766.98,3796.34,3708.84,3770.55,3770.55,5400180000
"Nov 03, 2022",3733.25,3750.59,3698.15,3719.89,3719.89,4625290000
"Nov 02, 2022",3852.9,3894.44,3758.68,3759.69,3759.69,4899000000
"Nov 01, 2022",3901.79,3911.79,3843.8,3856.1,3856.1,4481210000
"Oct 31, 2022",3881.85,3893.73,3863.18,3871.98,3871.98,4820620000
"Oct 28, 2022",3808.26,3905.42,3808.26,3901.06,3901.06,4459410000
"Oct 27, 2022",3834.69,3859.95,3803.79,3807.3,3807.3,4687320000
"Oct 26, 2022",3825.97,3886.15,3824.07,3830.6,3830.6,4817310000
"Oct 25, 2022",3799.44,3862.85,3799.44,3859.11,3859.11,4843120000
"Oct 24, 2022",3762.01,3810.74,3741.65,3797.34,3797.34,4747930000
"Oct 21, 2022",3657.1,3757.89,3647.42,3752.75,3752.75,5078020000
"Oct 20, 2022",3689.05,3736,3656.44,3665.78,3665.78,4496620000
"Oct 19, 2022",3703.11,3728.58,3666.51,3695.16,3695.16,4223800000
"Oct 18, 2022",3746.26,3762.79,3686.53,3719.98,3719.98,4483740000
"Oct 17, 2022",3638.65,3689.73,3638.65,3677.95,3677.95,4352780000
"Oct 14, 2022",3690.41,3712,3579.68,3583.07,3583.07,4243030000
"Oct 13, 2022",3520.37,3685.41,3491.58,3669.91,3669.91,5021680000
"Oct 12, 2022",3590.83,3608.34,3573.86,3577.03,3577.03,4006830000
"Oct 11, 2022",3595.86,3640.66,3568.45,3588.84,3588.84,4759030000
"Oct 10, 2022",3647.51,3652.17,3588.1,3612.39,3612.39,3834320000
"Oct 07, 2022",3706.74,3706.74,3620.73,3639.66,3639.66,4449660000
"Oct 06, 2022",3771.97,3797.93,3739.22,3744.52,3744.52,4252100000
"Oct 05, 2022",3753.25,3806.91,3722.66,3783.28,3783.28,4293180000
"Oct 04, 2022",3726.46,3791.92,3726.46,3790.93,3790.93,5146580000
"Oct 03, 2022",3609.78,3698.35,3604.93,3678.43,3678.43,4806680000
"Sep 30, 2022",3633.48,3671.44,3584.13,3585.62,3585.62,5645360000
"Sep 29, 2022",3687.01,3687.01,3610.4,3640.47,3640.47,4681810000
"Sep 28, 2022",3651.94,3736.74,3640.61,3719.04,3719.04,4684850000
"Sep 27, 2022",3686.44,3717.53,3623.29,3647.29,3647.29,4577740000
"Sep 26, 2022",3682.72,3715.67,3644.76,3655.04,3655.04,4886140000
"Sep 23, 2022",3727.14,3727.14,3647.47,3693.23,3693.23,5144270000
"Sep 22, 2022",3782.36,3790.9,3749.45,3757.99,3757.99,4284600000
"Sep 21, 2022",3871.4,3907.07,3789.49,3789.93,3789.93,4078330000
"Sep 20, 2022",3875.23,3876.01,3827.54,3855.93,3855.93,4058050000
"Sep 19, 2022",3849.91,3900.45,3838.5,3899.89,3899.89,3766850000
"Sep 16, 2022",3880.95,3880.95,3837.08,3873.33,3873.33,7954650000
"Sep 15, 2022",3932.41,3959.14,3888.28,3901.35,3901.35,4441830000
"Sep 14, 2022",3940.73,3961.94,3912.18,3946.01,3946.01,4293240000
"Sep 13, 2022",4037.12,4037.12,3921.28,3932.69,3932.69,4224550000
"Sep 12, 2022",4083.67,4119.28,4083.67,4110.41,4110.41,3814200000
"Sep 09, 2022",4022.94,4076.81,4022.94,4067.36,4067.36,3901940000
"Sep 08, 2022",3959.94,4010.5,3944.81,4006.18,4006.18,3966850000
"Sep 07, 2022",3909.43,3987.89,3906.03,3979.87,3979.87,3890320000
"Sep 06, 2022",3930.89,3942.55,3886.75,3908.19,3908.19,4127340000
"Sep 02, 2022",3994.66,4018.43,3906.21,3924.26,3924.26,3665850000
"Sep 01, 2022",3936.73,3970.23,3903.65,3966.85,3966.85,4152250000
"Aug 31, 2022",4000.67,4015.37,3954.53,3955,3955,4542490000
"Aug 30, 2022",4041.25,4044.98,3965.21,3986.16,3986.16,3835860000
"Aug 29, 2022",4034.58,4062.99,4017.42,4030.61,4030.61,3396510000
"Aug 26, 2022",4198.74,4203.04,4057.66,4057.66,4057.66,3832750000
"Aug 25, 2022",4153.26,4200.54,4147.59,4199.12,4199.12,3566870000
"Aug 24, 2022",4126.55,4156.56,4119.97,4140.77,4140.77,3583630000
"Aug 23, 2022",4133.09,4159.77,4124.03,4128.73,4128.73,3823520000
"Aug 22, 2022",4195.08,4195.08,4129.86,4137.99,4137.99,3907430000
"Aug 19, 2022",4266.31,4266.31,4218.7,4228.48,4228.48,3761340000
"Aug 18, 2022",4273.13,4292.53,4261.98,4283.74,4283.74,3340330000
"Aug 17, 2022",4280.4,4302.18,4253.08,4274.04,4274.04,3885030000
"Aug 16, 2022",4290.46,4325.28,4277.77,4305.2,4305.2,4329820000
"Aug 15, 2022",4269.37,4301.79,4256.9,4297.14,4297.14,3696830000
"Aug 12, 2022",4225.02,4280.47,4219.78,4280.15,4280.15,3788010000
"Aug 11, 2022",4227.4,4257.91,4201.41,4207.27,4207.27,4630200000
"Aug 10, 2022",4181.02,4211.03,4177.26,4210.24,4210.24,4546010000
"Aug 09, 2022",4133.11,4137.3,4112.09,4122.47,4122.47,3913090000
"Aug 08, 2022",4155.93,4186.62,4128.97,4140.06,4140.06,4221090000
"Aug 05, 2022",4115.87,4151.58,4107.31,4145.19,4145.19,4085940000
"Aug 04, 2022",4154.85,4161.29,4135.42,4151.94,4151.94,4283320000
"Aug 03, 2022",4107.96,4167.66,4107.96,4155.17,4155.17,4351760000
"Aug 02, 2022",4104.21,4140.47,4079.81,4091.19,4091.19,4727710000
"Aug 01, 2022",4112.38,4144.95,4096.02,4118.63,4118.63,4202810000
"Jul 29, 2022",4087.33,4140.15,4079.22,4130.29,4130.29,4616360000
"Jul 28, 2022",4026.13,4078.95,3992.97,4072.43,4072.43,4413000000
"Jul 27, 2022",3951.43,4039.56,3951.43,4023.61,4023.61,4112180000
"Jul 26, 2022",3953.22,3953.22,3910.74,3921.05,3921.05,3778950000
"Jul 25, 2022",3965.72,3975.3,3943.46,3966.84,3966.84,3568340000
"Jul 22, 2022",3998.43,4012.44,3938.86,3961.63,3961.63,3979240000
"Jul 21, 2022",3955.47,3999.29,3927.64,3998.95,3998.95,4132790000
"Jul 20, 2022",3935.32,3974.13,3922.03,3959.9,3959.9,4185300000
"Jul 19, 2022",3860.73,3939.81,3860.73,3936.69,3936.69,4041070000
"Jul 18, 2022",3883.79,3902.44,3818.63,3830.85,3830.85,4046870000
"Jul 15, 2022",3818,3863.62,3817.18,3863.16,3863.16,4143800000
"Jul 14, 2022",3763.99,3796.41,3721.56,3790.38,3790.38,4199690000
"Jul 13, 2022",3779.67,3829.44,3759.07,3801.78,3801.78,4109390000
"Jul 12, 2022",3851.95,3873.41,3802.36,3818.8,3818.8,3817210000
"Jul 11, 2022",3880.94,3880.94,3847.22,3854.43,3854.43,3423480000
"Jul 08, 2022",3888.26,3918.5,3869.34,3899.38,3899.38,3521620000
"Jul 07, 2022",3858.85,3910.63,3858.85,3902.62,3902.62,4057770000
"Jul 06, 2022",3831.98,3870.91,3809.37,3845.08,3845.08,4417720000
"Jul 05, 2022",3792.61,3832.19,3742.06,3831.39,3831.39,5076590000
"Jul 01, 2022",3781,3829.82,3752.1,3825.33,3825.33,4046950000
"Jun 30, 2022",3785.99,3818.99,3738.67,3785.38,3785.38,4840070000
"Jun 29, 2022",3825.09,3836.5,3799.02,3818.83,3818.83,4211240000
"Jun 28, 2022",3913,3945.86,3820.14,3821.55,3821.55,4270120000
"Jun 27, 2022",3920.76,3927.72,3889.66,3900.11,3900.11,4325310000
"Jun 24, 2022",3821.75,3913.65,3821.75,3911.74,3911.74,8120260000
"Jun 23, 2022",3774.71,3802.58,3743.52,3795.73,3795.73,5098640000
"Jun 22, 2022",3733.89,3801.79,3717.69,3759.89,3759.89,5058990000
"Jun 21, 2022",3715.31,3779.65,3715.31,3764.79,3764.79,5292260000
"Jun 17, 2022",3665.9,3707.71,3636.87,3674.84,3674.84,8520740000
"Jun 16, 2022",3728.18,3728.18,3639.77,3666.77,3666.77,5644930000
"Jun 15, 2022",3764.05,3837.56,3722.3,3789.99,3789.99,5530480000
"Jun 14, 2022",3763.52,3778.18,3705.68,3735.48,3735.48,5153890000
"Jun 13, 2022",3838.15,3838.15,3734.3,3749.63,3749.63,5636890000
"Jun 10, 2022",3974.39,3974.39,3900.16,3900.86,3900.86,4889640000
"Jun 09, 2022",4101.65,4119.1,4017.17,4017.82,4017.82,4134170000
"Jun 08, 2022",4147.12,4160.14,4107.2,4115.77,4115.77,4159470000
"Jun 07, 2022",4096.47,4164.86,4080.19,4160.68,4160.68,4248210000
"Jun 06, 2022",4134.72,4168.78,4109.18,4121.43,4121.43,4332700000
"Jun 03, 2022",4137.57,4142.67,4098.67,4108.54,4108.54,3711110000
"Jun 02, 2022",4095.41,4177.51,4074.37,4176.82,4176.82,4405790000
"Jun 01, 2022",4149.78,4166.54,4073.85,4101.23,4101.23,4531800000
"May 31, 2022",4151.09,4168.34,4104.88,4132.15,4132.15,6822640000
"May 27, 2022",4077.43,4158.49,4077.43,4158.24,4158.24,4375620000
"May 26, 2022",3984.6,4075.14,3984.6,4057.84,4057.84,4709970000
"May 25, 2022",3929.59,3999.33,3925.03,3978.73,3978.73,4802560000
"May 24, 2022",3942.94,3955.68,3875.13,3941.48,3941.48,4923190000
"May 23, 2022",3919.42,3981.88,3909.04,3973.75,3973.75,4420030000
"May 20, 2022",3927.76,3943.42,3810.32,3901.36,3901.36,5130730000
"May 19, 2022",3899,3945.96,3876.58,3900.79,3900.79,5113550000
"May 18, 2022",4051.98,4051.98,3911.91,3923.68,3923.68,5103220000
"May 17, 2022",4052,4090.72,4033.93,4088.85,4088.85,4841410000
"May 16, 2022",4013.02,4046.46,3983.99,4008.01,4008.01,4415030000
"May 13, 2022",3963.9,4038.88,3963.9,4023.89,4023.89,5183340000
"May 12, 2022",3903.95,3964.8,3858.87,3930.08,3930.08,6286450000
"May 11, 2022",3990.08,4049.09,3928.82,3935.18,3935.18,5816140000
"May 10, 2022",4035.18,4068.82,3958.17,4001.05,4001.05,5885820000
"May 09, 2022",4081.27,4081.27,3975.48,3991.24,3991.24,5954520000
"May 06, 2022",4128.17,4157.69,4067.91,4123.34,4123.34,5116940000
"May 05, 2022",4270.43,4270.43,4106.01,4146.87,4146.87,5077030000
"May 04, 2022",4181.18,4307.66,4148.91,4300.17,4300.17,5136360000
"May 03, 2022",4159.78,4200.1,4147.08,4175.48,4175.48,4582050000
"May 02, 2022",4130.61,4169.81,4062.51,4155.38,4155.38,5163790000
"Apr 29, 2022",4253.75,4269.68,4124.28,4131.93,4131.93,5084030000
"Apr 28, 2022",4222.58,4308.45,4188.63,4287.5,4287.5,4854180000
"Apr 27, 2022",4186.52,4240.71,4162.9,4183.96,4183.96,4769680000
"Apr 26, 2022",4278.14,4278.14,4175.04,4175.2,4175.2,4689970000
"Apr 25, 2022",4255.34,4299.02,4200.82,4296.12,4296.12,5240040000
"Apr 22, 2022",4385.83,4385.83,4267.62,4271.78,4271.78,4651940000
"Apr 21, 2022",4489.17,4512.94,4384.47,4393.66,4393.66,4636890000
"Apr 20, 2022",4472.26,4488.29,4448.76,4459.45,4459.45,4290450000
"Apr 19, 2022",4390.63,4471.03,4390.63,4462.21,4462.21,4108120000
"Apr 18, 2022",4385.63,4410.31,4370.3,4391.69,4391.69,3910490000
"Apr 14, 2022",4449.12,4460.46,4390.77,4392.59,4392.59,4083090000
"Apr 13, 2022",4394.3,4453.92,4392.7,4446.59,4446.59,3828150000
"Apr 12, 2022",4437.59,4471,4381.34,4397.45,4397.45,4152090000
"Apr 11, 2022",4462.64,4464.35,4408.38,4412.53,4412.53,4266290000
"Apr 08, 2022",4494.15,4520.41,4474.6,4488.28,4488.28,4083200000
"Apr 07, 2022",4474.65,4521.16,4450.3,4500.21,4500.21,4821490000
"Apr 06, 2022",4494.17,4503.94,4450.04,4481.15,4481.15,4986830000
"Apr 05, 2022",4572.45,4593.45,4514.17,4525.12,4525.12,4800620000
"Apr 04, 2022",4547.97,4583.5,4539.21,4582.64,4582.64,4547350000
"Apr 01, 2022",4540.32,4548.7,4507.57,4545.86,4545.86,4562940000
"Mar 31, 2022",4599.02,4603.07,4530.41,4530.41,4530.41,4823020000
"Mar 30, 2022",4624.2,4627.77,4581.32,4602.45,4602.45,4385570000
"Mar 29, 2022",4602.86,4637.3,4589.66,4631.6,4631.6,5085910000
"Mar 28, 2022",4541.09,4575.65,4517.69,4575.52,4575.52,4312260000
"Mar 25, 2022",4522.91,4546.03,4501.07,4543.06,4543.06,4305020000
"Mar 24, 2022",4469.98,4520.58,4465.17,4520.16,4520.16,4131390000
"Mar 23, 2022",4493.1,4501.07,4455.81,4456.24,4456.24,4550670000
"Mar 22, 2022",4469.1,4522,4469.1,4511.61,4511.61,4754840000
"Mar 21, 2022",4462.4,4481.75,4424.3,4461.18,4461.18,4869820000
"Mar 18, 2022",4407.34,4465.4,4390.57,4463.12,4463.12,8278430000
"Mar 17, 2022",4345.11,4412.67,4335.65,4411.67,4411.67,4985090000
"Mar 16, 2022",4288.14,4358.9,4251.99,4357.86,4357.86,6309750000
"Mar 15, 2022",4188.82,4271.05,4187.9,4262.45,4262.45,5392470000
"Mar 14, 2022",4202.75,4247.57,4161.72,4173.11,4173.11,5574920000
"Mar 11, 2022",4279.5,4291.01,4200.49,4204.31,4204.31,4938640000
"Mar 10, 2022",4252.55,4268.28,4209.8,4259.52,4259.52,4980830000
"Mar 09, 2022",4223.1,4299.4,4223.1,4277.88,4277.88,5662670000
"Mar 08, 2022",4202.66,4276.94,4157.87,4170.7,4170.7,7243120000
"Mar 07, 2022",4327.01,4327.01,4199.85,4201.09,4201.09,6940470000
"Mar 04, 2022",4342.12,4342.12,4284.98,4328.87,4328.87,5797380000
"Mar 03, 2022",4401.31,4416.78,4345.56,4363.49,4363.49,5039890000
"Mar 02, 2022",4322.56,4401.48,4322.56,4386.54,4386.54,5337870000
"Mar 01, 2022",4363.14,4378.45,4279.54,4306.26,4306.26,5846230000
"Feb 28, 2022",4354.17,4388.84,4315.12,4373.94,4373.94,6071370000
"Feb 25, 2022",4298.38,4385.34,4286.83,4384.65,4384.65,5177060000
"Feb 24, 2022",4155.77,4294.73,4114.65,4288.7,4288.7,6752130000
"Feb 23, 2022",4324.93,4341.51,4221.51,4225.5,4225.5,4797430000
"Feb 22, 2022",4332.74,4362.12,4267.11,4304.76,4304.76,5121900000
"Feb 18, 2022",4384.57,4394.6,4327.22,4348.87,4348.87,4708060000
"Feb 17, 2022",4456.06,4456.06,4373.81,4380.26,4380.26,4539420000
"Feb 16, 2022",4455.75,4489.55,4429.68,4475.01,4475.01,4283640000
"Feb 15, 2022",4429.28,4472.77,4429.28,4471.07,4471.07,4430830000
"Feb 14, 2022",4412.61,4426.22,4364.84,4401.67,4401.67,4600390000
"Feb 11, 2022",4506.27,4526.33,4401.41,4418.64,4418.64,5251500000
"Feb 10, 2022",4553.24,4588.92,4484.31,4504.08,4504.08,5314860000
"Feb 09, 2022",4547,4590.03,4547,4587.18,4587.18,4524350000
"Feb 08, 2022",4480.02,4531.32,4465.4,4521.54,4521.54,4459620000
"Feb 07, 2022",4505.75,4521.86,4471.47,4483.87,4483.87,4228480000
"Feb 04, 2022",4482.79,4539.66,4451.5,4500.53,4500.53,4706290000
"Feb 03, 2022",4535.41,4542.88,4470.39,4477.44,4477.44,4401970000
"Feb 02, 2022",4566.39,4595.31,4544.32,4589.38,4589.38,4481580000
"Feb 01, 2022",4519.57,4550.49,4483.53,4546.54,4546.54,4816830000
"Jan 31, 2022",4431.79,4516.89,4414.02,4515.55,4515.55,5098610000
"Jan 28, 2022",4336.19,4432.72,4292.46,4431.85,4431.85,5031090000
"Jan 27, 2022",4380.58,4428.74,4309.5,4326.51,4326.51,5214200000
"Jan 26, 2022",4408.43,4453.23,4304.8,4349.93,4349.93,5570640000
"Jan 25, 2022",4366.64,4411.01,4287.11,4356.45,4356.45,5145050000
"Jan 24, 2022",4356.32,4417.35,4222.62,4410.13,4410.13,6928110000
"Jan 21, 2022",4471.38,4494.52,4395.34,4397.94,4397.94,5589100000
"Jan 20, 2022",4547.35,4602.11,4477.95,4482.73,4482.73,4640870000
"Jan 19, 2022",4588.03,4611.55,4530.2,4532.76,4532.76,4465740000
"Jan 18, 2022",4632.24,4632.24,4568.7,4577.11,4577.11,4748700000
"Jan 14, 2022",4637.99,4665.13,4614.75,4662.85,4662.85,4338490000
"Jan 13, 2022",4733.56,4744.13,4650.29,4659.03,4659.03,4251730000
"Jan 12, 2022",4728.59,4748.83,4706.71,4726.35,4726.35,4048220000
"Jan 11, 2022",4669.14,4714.13,4638.27,4713.07,4713.07,4101590000
"Jan 10, 2022",4655.34,4673.02,4582.24,4670.29,4670.29,4511810000
"Jan 07, 2022",4697.66,4707.95,4662.74,4677.03,4677.03,4181510000
"Jan 06, 2022",4693.39,4725.01,4671.26,4696.05,4696.05,4295280000
"Jan 05, 2022",4787.99,4797.7,4699.44,4700.58,4700.58,4887960000
"Jan 04, 2022",4804.51,4818.62,4774.27,4793.54,4793.54,4683170000
"Jan 03, 2022",4778.14,4796.64,4758.17,4796.56,4796.56,3831020000
"Dec 31, 2021",4775.21,4786.83,4765.75,4766.18,4766.18,2677820000
"Dec 30, 2021",4794.23,4808.93,4775.33,4778.73,4778.73,3124950000
"Dec 29, 2021",4788.64,4804.06,4778.08,4793.06,4793.06,2963310000
"Dec 28, 2021",4795.49,4807.02,4780.04,4786.35,4786.35,2707920000
"Dec 27, 2021",4733.99,4791.49,4733.99,4791.19,4791.19,2770290000
"Dec 23, 2021",4703.96,4740.74,4703.96,4725.79,4725.79,2913040000
"Dec 22, 2021",4650.36,4697.67,4645.53,4696.56,4696.56,3319610000
"Dec 21, 2021",4594.96,4651.14,4583.16,4649.23,4649.23,4072430000
"Dec 20, 2021",4587.9,4587.9,4531.1,4568.02,4568.02,4635700000
"Dec 17, 2021",4652.5,4666.7,4600.22,4620.64,4620.64,7987090000
"Dec 16, 2021",4719.13,4731.99,4651.89,4668.67,4668.67,4829500000
"Dec 15, 2021",4636.46,4712.6,4611.22,4709.85,4709.85,4910130000
"Dec 14, 2021",4642.99,4660.47,4606.52,4634.09,4634.09,4485430000
"Dec 13, 2021",4710.3,4710.3,4667.6,4668.97,4668.97,4397230000
"Dec 10, 2021",4687.64,4713.57,4670.24,4712.02,4712.02,3870110000
"Dec 09, 2021",4691,4695.26,4665.98,4667.45,4667.45,3903840000
"Dec 08, 2021",4690.86,4705.06,4674.52,4701.21,4701.21,4234600000
"Dec 07, 2021",4631.97,4694.04,4631.97,4686.75,4686.75,4492400000
"Dec 06, 2021",4548.37,4612.6,4540.51,4591.67,4591.67,4770800000
"Dec 03, 2021",4589.49,4608.03,4495.12,4538.43,4538.43,5240070000
"Dec 02, 2021",4504.73,4595.46,4504.73,4577.1,4577.1,5077180000
"Dec 01, 2021",4602.82,4652.94,4510.27,4513.04,4513.04,5366730000
"Nov 30, 2021",4640.25,4646.02,4560,4567,4567,6625990000
"Nov 29, 2021",4628.75,4672.95,4625.26,4655.27,4655.27,4336410000
"Nov 26, 2021",4664.63,4664.63,4585.43,4594.62,4594.62,3517700000
"Nov 24, 2021",4675.78,4702.87,4659.89,4701.46,4701.46,3418430000
"Nov 23, 2021",4678.48,4699.39,4652.66,4690.7,4690.7,4277590000
"Nov 22, 2021",4712,4743.83,4682.17,4682.94,4682.94,4441100000
"Nov 19, 2021",4708.44,4717.75,4694.22,4697.96,4697.96,4253180000
"Nov 18, 2021",4700.72,4708.8,4672.78,4704.54,4704.54,4226410000
"Nov 17, 2021",4701.5,4701.5,4684.41,4688.67,4688.67,3969070000
"Nov 16, 2021",4679.42,4714.95,4679.42,4700.9,4700.9,3972640000
"Nov 15, 2021",4689.3,4697.42,4672.86,4682.8,4682.8,3488410000
"Nov 12, 2021",4655.24,4688.47,4650.77,4682.85,4682.85,3728600000
"Nov 11, 2021",4659.39,4664.55,4648.31,4649.27,4649.27,3926870000
"Nov 10, 2021",4670.26,4684.85,4630.86,4646.71,4646.71,4503720000
"Nov 09, 2021",4707.25,4708.53,4670.87,4685.25,4685.25,4117080000
"Nov 08, 2021",4701.48,4714.92,4694.39,4701.7,4701.7,4269710000
"Nov 05, 2021",4699.26,4718.5,4681.32,4697.53,4697.53,4467180000
"Nov 04, 2021",4662.93,4683,4662.59,4680.06,4680.06,4462300000
"Nov 03, 2021",4630.65,4663.46,4621.19,4660.57,4660.57,4319660000
"Nov 02, 2021",4613.34,4635.15,4613.34,4630.65,4630.65,3975250000
"Nov 01, 2021",4610.62,4620.34,4595.06,4613.67,4613.67,3971540000
"Oct 29, 2021",4572.87,4608.08,4567.59,4605.38,4605.38,4510200000
"Oct 28, 2021",4562.84,4597.55,4562.84,4596.42,4596.42,4132950000
"Oct 27, 2021",4580.22,4584.57,4551.66,4551.68,4551.68,4226050000
"Oct 26, 2021",4578.69,4598.53,4569.17,4574.79,4574.79,3879740000
"Oct 25, 2021",4553.69,4572.62,4537.36,4566.48,4566.48,3899400000
"Oct 22, 2021",4546.12,4559.67,4524,4544.9,4544.9,3758220000
"Oct 21, 2021",4532.24,4551.44,4526.89,4549.78,4549.78,3822330000
"Oct 20, 2021",4524.42,4540.87,4524.4,4536.19,4536.19,3670760000
"Oct 19, 2021",4497.34,4520.4,4496.41,4519.63,4519.63,3459130000
"Oct 18, 2021",4463.72,4488.75,4447.47,4486.46,4486.46,3662010000
"Oct 15, 2021",4447.69,4475.82,4447.69,4471.37,4471.37,3819380000
"Oct 14, 2021",4386.75,4439.73,4386.75,4438.26,4438.26,3598280000
"Oct 13, 2021",4358.01,4372.87,4329.92,4363.8,4363.8,3620070000
"Oct 12, 2021",4368.31,4374.89,4342.09,4350.65,4350.65,3558450000
"Oct 11, 2021",4385.44,4415.88,4360.59,4361.19,4361.19,3281970000
"Oct 08, 2021",4406.51,4412.02,4386.22,4391.34,4391.34,3280160000
"Oct 07, 2021",4383.73,4429.97,4383.73,4399.76,4399.76,3843740000
"Oct 06, 2021",4319.57,4365.57,4290.49,4363.55,4363.55,4009630000
"Oct 05, 2021",4309.87,4369.23,4309.87,4345.72,4345.72,3902890000
"Oct 04, 2021",4348.84,4355.51,4278.94,4300.46,4300.46,4307870000
"Oct 01, 2021",4317.16,4375.19,4288.52,4357.04,4357.04,4010370000
"Sep 30, 2021",4370.67,4382.55,4306.24,4307.54,4307.54,4448140000
"Sep 29, 2021",4362.41,4385.57,4355.08,4359.46,4359.46,3712660000
"Sep 28, 2021",4419.54,4419.54,4346.33,4352.63,4352.63,4416550000
"Sep 27, 2021",4442.12,4457.3,4436.19,4443.11,4443.11,4058650000
"Sep 24, 2021",4438.04,4463.12,4430.27,4455.48,4455.48,3384290000
"Sep 23, 2021",4406.75,4465.4,4406.75,4448.98,4448.98,3916350000
"Sep 22, 2021",4367.43,4416.75,4367.43,4395.64,4395.64,3939170000
"Sep 21, 2021",4374.45,4394.87,4347.96,4354.19,4354.19,3920920000
"Sep 20, 2021",4402.95,4402.95,4305.91,4357.73,4357.73,4898070000
"Sep 17, 2021",4469.74,4471.52,4427.76,4432.99,4432.99,7289530000
"Sep 16, 2021",4477.09,4485.87,4443.8,4473.75,4473.75,3984560000
"Sep 15, 2021",4447.49,4486.87,4438.37,4480.7,4480.7,4032020000
"Sep 14, 2021",4479.33,4485.68,4435.46,4443.05,4443.05,3670460000
"Sep 13, 2021",4474.81,4492.99,4445.7,4468.73,4468.73,3914220000
"Sep 10, 2021",4506.92,4520.47,4457.66,4458.58,4458.58,3623180000
"Sep 09, 2021",4513.02,4529.9,4492.07,4493.28,4493.28,3735390000
"Sep 08, 2021",4518.09,4521.79,4493.95,4514.07,4514.07,3750880000
"Sep 07, 2021",4535.38,4535.38,4513,4520.03,4520.03,3822960000
"Sep 03, 2021",4532.42,4541.45,4521.3,4535.43,4535.43,3217530000
"Sep 02, 2021",4534.48,4545.85,4524.66,4536.95,4536.95,3735990000
"Sep 01, 2021",4528.8,4537.11,4522.02,4524.09,4524.09,4057340000
"Aug 31, 2021",4529.75,4531.39,4515.8,4522.68,4522.68,4290710000
"Aug 30, 2021",4513.76,4537.36,4513.76,4528.79,4528.79,3168660000
"Aug 27, 2021",4474.1,4513.33,4474.1,4509.37,4509.37,3331200000
"Aug 26, 2021",4493.75,4495.9,4468.99,4470,4470,3263980000
"Aug 25, 2021",4490.45,4501.71,4485.66,4496.19,4496.19,3444700000
"Aug 24, 2021",4484.4,4492.81,4482.28,4486.23,4486.23,3979220000
"Aug 23, 2021",4450.29,4489.88,4450.29,4479.53,4479.53,3576530000
"Aug 20, 2021",4410.56,4444.35,4406.8,4441.67,4441.67,3652610000
"Aug 19, 2021",4382.44,4418.61,4367.73,4405.8,4405.8,4398410000
"Aug 18, 2021",4440.94,4454.32,4397.59,4400.27,4400.27,3755590000
"Aug 17, 2021",4462.12,4462.12,4417.83,4448.08,4448.08,3836960000
"Aug 16, 2021",4461.65,4480.26,4437.66,4479.71,4479.71,3370640000
"Aug 13, 2021",4464.84,4468.37,4460.82,4468,4468,3016470000
"Aug 12, 2021",4446.08,4461.77,4435.96,4460.83,4460.83,3375310000
"Aug 11, 2021",4442.18,4449.44,4436.42,4442.41,4442.41,3532560000
"Aug 10, 2021",4435.79,4445.21,4430.03,4436.75,4436.75,3886610000
"Aug 09, 2021",4437.77,4439.39,4424.74,4432.35,4432.35,3449280000
"Aug 06, 2021",4429.07,4440.82,4429.07,4436.52,4436.52,3451870000
"Aug 05, 2021",4408.86,4429.76,4408.86,4429.1,4429.1,3769410000
"Aug 04, 2021",4415.95,4416.17,4400.23,4402.66,4402.66,4260760000
"Aug 03, 2021",4392.74,4423.79,4373,4423.15,4423.15,3965190000
"Aug 02, 2021",4406.86,4422.18,4384.81,4387.16,4387.16,3724090000
"Jul 30, 2021",4395.12,4412.25,4389.65,4395.26,4395.26,3956740000
"Jul 29, 2021",4403.59,4429.97,4403.59,4419.15,4419.15,4044600000
"Jul 28, 2021",4402.95,4415.47,4387.01,4400.64,4400.64,4215290000
"Jul 27, 2021",4416.38,4416.38,4372.51,4401.46,4401.46,4241950000
"Jul 26, 2021",4409.58,4422.73,4405.45,4422.3,4422.3,4275630000
"Jul 23, 2021",4381.2,4415.18,4381.2,4411.79,4411.79,4540070000
"Jul 22, 2021",4361.27,4369.87,4350.06,4367.48,4367.48,3358300000
"Jul 21, 2021",4331.13,4359.7,4331.13,4358.69,4358.69,3810280000
"Jul 20, 2021",4265.11,4336.84,4262.05,4323.06,4323.06,4438270000
"Jul 19, 2021",4296.4,4296.4,4233.13,4258.49,4258.49,5157660000
"Jul 16, 2021",4367.43,4375.09,4322.53,4327.16,4327.16,3985700000
"Jul 15, 2021",4369.02,4369.02,4340.7,4360.03,4360.03,3905230000
"Jul 14, 2021",4380.11,4393.68,4362.36,4374.3,4374.3,4006370000
"Jul 13, 2021",4381.07,4392.37,4366.92,4369.21,4369.21,3695430000
"Jul 12, 2021",4372.41,4386.68,4364.03,4384.63,4384.63,3384460000
"Jul 09, 2021",4329.38,4371.6,4329.38,4369.55,4369.55,3531120000
"Jul 08, 2021",4321.07,4330.88,4289.37,4320.82,4320.82,4347500000
"Jul 07, 2021",4351.01,4361.88,4329.79,4358.13,4358.13,4037380000
"Jul 06, 2021",4356.46,4356.46,4314.37,4343.54,4343.54,4309570000
"Jul 02, 2021",4326.6,4355.43,4326.6,4352.34,4352.34,3225840000
"Jul 01, 2021",4300.73,4320.66,4300.73,4319.94,4319.94,3788230000
"Jun 30, 2021",4290.65,4302.43,4287.96,4297.5,4297.5,4266040000
"Jun 29, 2021",4293.21,4300.52,4287.04,4291.8,4291.8,3707150000
"Jun 28, 2021",4284.9,4292.14,4274.67,4290.61,4290.61,4147890000
"Jun 25, 2021",4274.45,4286.12,4271.16,4280.7,4280.7,7341450000
"Jun 24, 2021",4256.97,4271.28,4256.97,4266.49,4266.49,3816660000
"Jun 23, 2021",4249.27,4256.6,4241.43,4241.84,4241.84,3730350000
"Jun 22, 2021",4224.61,4255.84,4217.27,4246.44,4246.44,3828390000
"Jun 21, 2021",4173.4,4226.24,4173.4,4224.79,4224.79,4128950000
"Jun 18, 2021",4204.78,4204.78,4164.4,4166.45,4166.45,6817010000
"Jun 17, 2021",4220.37,4232.29,4196.05,4221.86,4221.86,5312680000
"Jun 16, 2021",4248.87,4251.89,4202.45,4223.7,4223.7,4538350000
"Jun 15, 2021",4255.28,4257.16,4238.35,4246.59,4246.59,4048940000
"Jun 14, 2021",4248.31,4255.59,4234.07,4255.15,4255.15,4151200000
"Jun 11, 2021",4242.9,4248.38,4232.25,4247.44,4247.44,3815010000
"Jun 10, 2021",4228.56,4249.74,4220.34,4239.18,4239.18,4408210000
"Jun 09, 2021",4232.99,4237.09,4218.74,4219.55,4219.55,4713260000
"Jun 08, 2021",4233.81,4236.74,4208.41,4227.26,4227.26,4659620000
"Jun 07, 2021",4229.34,4232.34,4215.66,4226.52,4226.52,4476920000
"Jun 04, 2021",4206.05,4233.45,4206.05,4229.89,4229.89,4139790000
"Jun 03, 2021",4191.43,4204.39,4167.93,4192.85,4192.85,5587970000
"Jun 02, 2021",4206.82,4217.37,4198.27,4208.12,4208.12,5833670000
"Jun 01, 2021",4216.52,4234.12,4197.59,4202.04,4202.04,5074670000
"May 28, 2021",4210.77,4218.36,4203.57,4204.11,4204.11,4649250000
"May 27, 2021",4201.94,4213.38,4197.78,4200.88,4200.88,6406310000
"May 26, 2021",4191.59,4202.61,4184.11,4195.99,4195.99,4420890000
"May 25, 2021",4205.94,4213.42,4182.52,4188.13,4188.13,4182250000
"May 24, 2021",4170.16,4209.52,4170.16,4197.05,4197.05,3684800000
"May 21, 2021",4168.61,4188.72,4151.72,4155.86,4155.86,3995250000
"May 20, 2021",4121.97,4172.8,4121.97,4159.12,4159.12,3978880000
"May 19, 2021",4098.45,4116.93,4061.41,4115.68,4115.68,4247450000
"May 18, 2021",4165.94,4169.15,4125.99,4127.83,4127.83,4398150000
"May 17, 2021",4169.92,4171.92,4142.69,4163.29,4163.29,4125050000
"May 14, 2021",4129.58,4183.13,4129.58,4173.85,4173.85,4008880000
"May 13, 2021",4074.99,4131.58,4074.99,4112.5,4112.5,4779540000
"May 12, 2021",4130.55,4134.73,4056.88,4063.04,4063.04,4733070000
"May 11, 2021",4150.34,4162.04,4111.53,4152.1,4152.1,4870710000
"May 10, 2021",4228.29,4236.39,4188.13,4188.43,4188.43,4560700000
"May 07, 2021",4210.34,4238.04,4201.64,4232.6,4232.6,4016080000
"May 06, 2021",4169.14,4202.7,4147.33,4201.62,4201.62,4511000000
"May 05, 2021",4177.06,4187.72,4160.94,4167.59,4167.59,4230920000
"May 04, 2021",4179.04,4179.04,4128.59,4164.66,4164.66,4452460000
"May 03, 2021",4191.98,4209.39,4188.03,4192.66,4192.66,4070220000
"Apr 30, 2021",4198.1,4198.1,4174.85,4181.17,4181.17,4300880000
"Apr 29, 2021",4206.14,4218.78,4176.81,4211.47,4211.47,4298680000
"Apr 28, 2021",4185.14,4201.53,4181.78,4183.18,4183.18,3787360000
"Apr 27, 2021",4188.25,4193.35,4176.22,4186.72,4186.72,3710700000
"Apr 26, 2021",4185.03,4194.19,4182.36,4187.62,4187.62,3748320000
"Apr 23, 2021",4138.78,4194.17,4138.78,4180.17,4180.17,3569880000
"Apr 22, 2021",4170.46,4179.57,4123.69,4134.98,4134.98,4245140000
"Apr 21, 2021",4128.42,4175.02,4126.35,4173.42,4173.42,3887250000
"Apr 20, 2021",4159.18,4159.18,4118.38,4134.94,4134.94,4342650000
"Apr 19, 2021",4179.8,4180.81,4150.47,4163.26,4163.26,3810290000
"Apr 16, 2021",4174.14,4191.31,4170.75,4185.47,4185.47,4163820000
"Apr 15, 2021",4139.76,4173.49,4139.76,4170.42,4170.42,4033420000
"Apr 14, 2021",4141.58,4151.69,4120.87,4124.66,4124.66,3985350000
"Apr 13, 2021",4130.1,4148,4124.43,4141.59,4141.59,3734720000
"Apr 12, 2021",4124.71,4131.76,4114.82,4127.99,4127.99,3588900000
"Apr 09, 2021",4096.11,4129.48,4095.51,4128.8,4128.8,3640390000
"Apr 08, 2021",4089.95,4098.19,4082.54,4097.17,4097.17,3907100000
"Apr 07, 2021",4074.29,4083.13,4068.31,4079.95,4079.95,4120810000
"Apr 06, 2021",4075.57,4086.23,4068.14,4073.94,4073.94,4081270000
"Apr 05, 2021",4034.44,4083.42,4034.44,4077.91,4077.91,4005030000
"Apr 01, 2021",3992.78,4020.63,3992.78,4019.87,4019.87,4162130000
"Mar 31, 2021",3967.25,3994.41,3966.98,3972.89,3972.89,4578050000
"Mar 30, 2021",3963.34,3968.01,3944.35,3958.55,3958.55,4121510000
"Mar 29, 2021",3969.31,3981.83,3943.25,3971.09,3971.09,4628180000
"Mar 26, 2021",3917.12,3978.19,3917.12,3974.54,3974.54,5483160000
"Mar 25, 2021",3879.34,3919.54,3853.5,3909.52,3909.52,4948340000
"Mar 24, 2021",3919.93,3942.08,3889.07,3889.14,3889.14,4783020000
"Mar 23, 2021",3937.6,3949.13,3901.57,3910.52,3910.52,4669010000
"Mar 22, 2021",3916.48,3955.31,3914.16,3940.59,3940.59,4316260000
"Mar 19, 2021",3913.14,3930.12,3886.75,3913.1,3913.1,7757420000
"Mar 18, 2021",3953.5,3969.62,3910.86,3915.46,3915.46,5118590000
"Mar 17, 2021",3949.57,3983.87,3935.74,3974.12,3974.12,4561660000
"Mar 16, 2021",3973.59,3981.04,3953.44,3962.71,3962.71,4613080000
"Mar 15, 2021",3942.96,3970.08,3923.54,3968.94,3968.94,4900100000
"Mar 12, 2021",3924.52,3944.99,3915.21,3943.34,3943.34,4476280000
"Mar 11, 2021",3915.54,3960.27,3915.54,3939.34,3939.34,5312880000
"Mar 10, 2021",3891.99,3917.35,3885.73,3898.81,3898.81,5847380000
"Mar 09, 2021",3851.93,3903.76,3851.93,3875.44,3875.44,5513560000
"Mar 08, 2021",3844.39,3881.06,3819.25,3821.35,3821.35,5871710000
"Mar 05, 2021",3793.58,3851.69,3730.19,3841.94,3841.94,6851070000
"Mar 04, 2021",3818.53,3843.67,3723.34,3768.47,3768.47,7195400000
"Mar 03, 2021",3863.99,3874.47,3818.86,3819.72,3819.72,6173660000
"Mar 02, 2021",3903.64,3906.41,3868.57,3870.29,3870.29,5536010000
"Mar 01, 2021",3842.51,3914.5,3842.51,3901.82,3901.82,5114820000
"Feb 26, 2021",3839.66,3861.08,3789.54,3811.15,3811.15,6526070000
"Feb 25, 2021",3915.8,3925.02,3814.04,3829.34,3829.34,6547470000
"Feb 24, 2021",3873.71,3928.65,3859.6,3925.43,3925.43,6012790000
"Feb 23, 2021",3857.07,3895.98,3805.59,3881.37,3881.37,6296610000
"Feb 22, 2021",3885.55,3902.92,3874.71,3876.5,3876.5,5917100000
"Feb 19, 2021",3921.16,3930.41,3903.07,3906.71,3906.71,4845320000
"Feb 18, 2021",3915.86,3921.98,3885.03,3913.97,3913.97,4793650000
"Feb 17, 2021",3918.5,3933.61,3900.43,3931.33,3931.33,4730650000
"Feb 16, 2021",3939.61,3950.43,3923.85,3932.59,3932.59,5058990000
"Feb 12, 2021",3911.65,3937.23,3905.78,3934.83,3934.83,4135060000
"Feb 11, 2021",3916.4,3925.99,3890.39,3916.38,3916.38,4590960000
"Feb 10, 2021",3920.78,3931.5,3884.94,3909.88,3909.88,4837070000
"Feb 09, 2021",3910.49,3918.35,3902.64,3911.23,3911.23,4568320000
"Feb 08, 2021",3892.59,3915.77,3892.59,3915.59,3915.59,4648360000
"Feb 05, 2021",3878.3,3894.56,3874.93,3886.83,3886.83,4879470000
"Feb 04, 2021",3836.66,3872.42,3836.66,3871.74,3871.74,4879240000
"Feb 03, 2021",3840.27,3847.51,3816.68,3830.17,3830.17,4864870000
"Feb 02, 2021",3791.84,3843.09,3791.84,3826.31,3826.31,5514090000
"Feb 01, 2021",3731.17,3784.32,3725.62,3773.86,3773.86,5436230000
"Jan 29, 2021",3778.05,3778.05,3694.12,3714.24,3714.24,6643370000
"Jan 28, 2021",3755.75,3830.5,3755.75,3787.38,3787.38,6992770000
"Jan 27, 2021",3836.83,3836.83,3732.48,3750.77,3750.77,9976520000
"Jan 26, 2021",3862.96,3870.9,3847.78,3849.62,3849.62,6137500000
"Jan 25, 2021",3851.68,3859.23,3797.16,3855.36,3855.36,7000840000
"Jan 22, 2021",3844.24,3852.31,3830.41,3841.47,3841.47,5110890000
"Jan 21, 2021",3857.46,3861.45,3845.05,3853.07,3853.07,4501760000
"Jan 20, 2021",3816.22,3859.75,3816.22,3851.85,3851.85,4566190000
"Jan 19, 2021",3781.88,3804.53,3780.37,3798.91,3798.91,5014440000
"Jan 15, 2021",3788.73,3788.73,3749.62,3768.25,3768.25,5369820000
"Jan 14, 2021",3814.98,3823.6,3792.86,3795.54,3795.54,5198480000
"Jan 13, 2021",3802.23,3820.96,3791.5,3809.84,3809.84,4602510000
"Jan 12, 2021",3801.62,3810.78,3776.51,3801.19,3801.19,4994950000
"Jan 11, 2021",3803.14,3817.86,3789.02,3799.61,3799.61,4465430000
"Jan 08, 2021",3815.05,3826.69,3783.6,3824.68,3824.68,4773040000
"Jan 07, 2021",3764.71,3811.55,3764.71,3803.79,3803.79,5099160000
"Jan 06, 2021",3712.2,3783.04,3705.34,3748.14,3748.14,6064110000
"Jan 05, 2021",3698.02,3737.83,3695.07,3726.86,3726.86,4591020000
"Jan 04, 2021",3764.61,3769.99,3662.71,3700.65,3700.65,5015000000
"Dec 31, 2020",3733.27,3760.2,3726.88,3756.07,3756.07,3179040000
"Dec 30, 2020",3736.19,3744.63,3730.21,3732.04,3732.04,3154850000
"Dec 29, 2020",3750.01,3756.12,3723.31,3727.04,3727.04,3393290000
"Dec 28, 2020",3723.03,3740.51,3723.03,3735.36,3735.36,3535460000
"Dec 24, 2020",3694.03,3703.82,3689.32,3703.06,3703.06,1883780000
"Dec 23, 2020",3693.42,3711.24,3689.28,3690.01,3690.01,3779160000
"Dec 22, 2020",3698.08,3698.26,3676.16,3687.26,3687.26,4053310000
"Dec 21, 2020",3684.28,3702.9,3636.48,3694.92,3694.92,4748580000
"Dec 18, 2020",3722.39,3726.7,3685.84,3709.41,3709.41,7097100000
"Dec 17, 2020",3713.65,3725.12,3710.87,3722.48,3722.48,4192810000
"Dec 16, 2020",3696.25,3711.27,3688.57,3701.17,3701.17,4067040000
"Dec 15, 2020",3666.41,3695.29,3659.62,3694.62,3694.62,4387080000
"Dec 14, 2020",3675.27,3697.61,3645.84,3647.49,3647.49,4623850000
"Dec 11, 2020",3656.08,3665.91,3633.4,3663.46,3663.46,4375470000
"Dec 10, 2020",3659.13,3678.49,3645.18,3668.1,3668.1,4658480000
"Dec 09, 2020",3705.98,3712.39,3660.54,3672.82,3672.82,5232800000
"Dec 08, 2020",3683.05,3708.45,3678.83,3702.25,3702.25,4584390000
"Dec 07, 2020",3694.73,3697.41,3678.88,3691.96,3691.96,4804500000
"Dec 04, 2020",3670.94,3699.2,3670.94,3699.12,3699.12,5099620000
"Dec 03, 2020",3668.28,3682.73,3657.17,3666.72,3666.72,5065340000
"Dec 02, 2020",3653.78,3670.96,3644.84,3669.01,3669.01,5041250000
"Dec 01, 2020",3645.87,3678.45,3645.87,3662.45,3662.45,5418480000
"Nov 30, 2020",3634.18,3634.18,3594.39,3621.63,3621.63,6308410000
"Nov 27, 2020",3638.55,3644.31,3629.33,3638.35,3638.35,2778390000
"Nov 25, 2020",3635.5,3635.5,3617.76,3629.65,3629.65,4910440000
"Nov 24, 2020",3594.52,3642.31,3594.52,3635.41,3635.41,6280290000
"Nov 23, 2020",3566.82,3589.81,3552.77,3577.59,3577.59,5057550000
"Nov 20, 2020",3579.31,3581.23,3556.85,3557.54,3557.54,4236370000
"Nov 19, 2020",3559.41,3585.22,3543.84,3581.87,3581.87,4363370000
"Nov 18, 2020",3612.09,3619.09,3567.33,3567.79,3567.79,5284810000
"Nov 17, 2020",3610.31,3623.11,3588.68,3609.53,3609.53,4812180000
"Nov 16, 2020",3600.16,3628.51,3600.16,3626.91,3626.91,5295510000
"Nov 13, 2020",3552.57,3593.66,3552.57,3585.15,3585.15,4719580000
"Nov 12, 2020",3562.67,3569.02,3518.58,3537.01,3537.01,4909660000
"Nov 11, 2020",3563.22,3581.16,3557,3572.66,3572.66,4635560000
"Nov 10, 2020",3543.26,3557.22,3511.91,3545.53,3545.53,6037470000
"Nov 09, 2020",3583.04,3645.99,3547.48,3550.5,3550.5,8570510000
"Nov 06, 2020",3508.34,3521.58,3484.34,3509.44,3509.44,4842460000
"Nov 05, 2020",3485.74,3529.05,3485.74,3510.45,3510.45,4858150000
"Nov 04, 2020",3406.46,3486.25,3405.17,3443.44,3443.44,4790400000
"Nov 03, 2020",3336.25,3389.49,3336.25,3369.16,3369.16,4241380000
"Nov 02, 2020",3296.2,3330.14,3279.74,3310.24,3310.24,4314690000
"Oct 30, 2020",3293.59,3304.93,3233.94,3269.96,3269.96,4843930000
"Oct 29, 2020",3277.17,3341.05,3259.82,3310.11,3310.11,4911860000
"Oct 28, 2020",3342.48,3342.48,3268.89,3271.03,3271.03,5139970000
"Oct 27, 2020",3403.15,3409.51,3388.71,3390.68,3390.68,3962400000
"Oct 26, 2020",3441.42,3441.42,3364.86,3400.97,3400.97,4002210000
